molecule_id,molecule_hash,valid_molecule,predicted_pIC50,rf_prediction_std,max_tanimoto_to_train,model_risk_category,applicability_warning,uncertainty_penalty,QED,MolWt,MolLogP,TPSA,lipinski_violations
CHEMBL10,9bcfa86803c7,True,6.341548442840576,0.0,1.0,low,within_domain,0.0,0.5251964041458315,377.444,4.6822000000000035,64.63,0
CHEMBL100714,999c4047ea3e,True,6.4767584800720215,0.0,1.0,low,within_domain,0.0,0.7361746107603588,341.36700000000013,3.4078000000000017,74.73,0
CHEMBL1009,71b8659fc772,True,5.495504856109619,0.0,1.0,low,within_domain,0.0,0.5125069246930146,197.18999999999997,0.052200000000000135,103.78000000000002,0
CHEMBL101253,caa227bf8d0a,True,6.984466075897217,0.0,1.0,low,within_domain,0.0,0.5638252652189537,346.8210000000001,5.012600000000003,50.7,1
CHEMBL101581,8475acf9e133,True,6.392563819885254,0.0,1.0,low,within_domain,0.0,0.6697854294973455,360.2070000000001,4.806800000000003,40.58,0
